Codon,Tabela1,Tabela2,Tabela3
???,,,
AAC,Val7,Val7,
AAG,Leu4,Leu4,
AAT,Ile4,Ile4,
ACA,Cys1,Cys1,
ACC,Gly1,Gly1,
ACG,Arg4,Arg4,
ACT,Ser1,Ser1,
AGA,Ser4,Ser4,
AGC,Ala4,Ala4,
AGG,Pro3,Pro3,
AGT,Thr4,None1,Thr4,
ATA,Tyr1,Tyr1,
ATT,Asn2,Asn2,
CAA,Leu1,Leu1,
CAC,Val1,Val1,
CAG,Leu2,Leu2,
CAT,Met8,None1,Met8,None1,
CCA,Trp2,Trp2,
CCC,Gly2,Gly2,
CCG,Arg1,Arg1,
CCT,None2,Arg2,None2,Arg2,
CGA,Ser2,Ser2,
CGC,Ala2,Ala2,
CGG,Pro2,Pro2,
CGT,Thr2,Thr2,
CTC,Glu7,Glu7,
CTG,Gln4,Gln4,
CTT,Lys7,Lys7,
GAA,Phe7,None1,Phe8,None1,
GAT,None2,None2,
GCA,Cys3,Cys3,None1,
GCC,Gly7,None1,Gly7,None1,
GCT,Ser3,Ser3,
GGC,Ala2,Ala2,
GGT,Thr2,Thr2,
GTA,Tyr3,Tyr3,
GTC,Asp4,None2,Asp4,None2,
GTG,His4,His4,
GTT,Asn5,Asn5,
TAA,Leu1,None1,Leu1,None1,
TAC,Val3,Val3,
TAG,None2,Leu1,None2,Leu1,
TCA,SeC2,SeC2,
TCC,Gly2,Gly2,None2,
TCG,Arg2,Arg2,
TCT,Arg2,None1,Arg2,None1,
TGA,None2,Ser1,None2,Ser1,
TGC,Ala1,None1,Ala1,None1,
TGG,Pro1,Pro1,
TGT,Thr1,Thr2,
TTC,Glu3,Glu3,
TTG,Gln2,Gln2,None1,
TTT,Lys3,Lys3,
